label,precision,recall,f1-score,support
Basal,0.972972972972973,1.0,0.9863013698630136,36.0
Her2,0.9473684210526315,1.0,0.972972972972973,18.0
LumA,0.7014925373134329,1.0,0.8245614035087719,47.0
LumB,1.0,0.6615384615384615,0.7962962962962963,65.0
Normal,1.0,1.0,1.0,2.0
accuracy,0.8690476190476191,0.8690476190476191,0.8690476190476191,0.8690476190476191
macro avg,0.9243667862678075,0.9323076923076922,0.916026408528211,168.0
weighted avg,0.905058380117296,0.8690476190476191,0.8662738574568665,168.0
