task,model,model_group,runs,n_mean,accuracy_mean,accuracy_sd,balanced_accuracy_mean,balanced_accuracy_sd,f1_macro_mean,f1_macro_sd,roc_auc_ovr_macro_mean,roc_auc_ovr_macro_sd
COADREAD_molecular_subtype,liquid_cfc_modality_sequence,liquid_nn,3,68.0,0.9509803921568628,0.008490445135141638,0.9311111111111111,0.018584142981864112,0.9178557079397415,0.01145756783108191,0.9672222222222221,0.012534503135802975
HNSC_HPV_status,logistic_elasticnet,linear,3,74.0,0.9684684684684685,0.020642232860161463,0.9689754689754689,0.022735860399118027,0.942517765542712,0.03397394886763522,0.9778739778739779,0.030003790618086973
KIRC_grade_binary,extra_trees,tree_ensemble,3,76.0,0.7192982456140351,0.04019803241189333,0.7096171802054155,0.04371752514886818,0.7108206344515421,0.043879100317164424,0.7408963585434174,0.05458143301162436
PRAD_pathologic_T_stage,hist_gradient_boosting,boosting,3,74.0,0.7252252252252251,0.06386237332773789,0.6997929606625259,0.056417625882492946,0.7031406694754351,0.061912995115543365,0.7549171842650103,0.07854032559779256
UCEC_molecular_subtype,logistic_elasticnet,linear,3,77.0,0.9177489177489178,0.03268326595355305,0.9235036702428007,0.041618974604042173,0.9099478432361927,0.04475535290968498,0.9820251664355748,0.01071088077756294
